{
  "$schema": "https://raw.githubusercontent.com/grafana/grafana/master/docs/sources/developers/plugins/plugin.schema.json",
  "type": "panel",
  "name": "Dashboard Manager",
  "id": "openadvice-dashboardmanager-panel",
  "info": {
    "description": "",
    "author": {
      "name": "OpenAdvice IT Services GmbH",
      "url": "https://www.openadvice.de/"
    },
    "keywords": [],
    "logos": {
      "small": "img/logo.svg",
      "large": "img/logo.svg"
    },
    "links": [
      {
        "name": "Website",
        "url": "https://www.openadvice.de/"
      },
      {
        "name": "License",
        "url": "https://github.com/grafana/grafana-starter-panel/blob/master/LICENSE"
      }
    ],
    "screenshots": [],
    "version": "1.0.0",
    "updated": "2022-06-29"
  },
  "dependencies": {
    "grafanaDependency": ">=7.0.0",
    "plugins": []
  }
}
