{
	"$schema": "https://raw.githubusercontent.com/grafana/grafana/master/docs/sources/developers/plugins/plugin.schema.json",
	"type": "panel",
	"name": "Dashboard Manager",
	"id": "OpenAdvice-dashboardmanager-panel",
	"info": {
		"description": "",
		"author": {
			"name": "OpenAdvice IT Services GmbH",
			"url": "https://www.openadvice.de/"
		},
		"keywords": ["Open", "Advice", "OpenAdvice", "Dashboard", "Manager", "DashboardManager"],
		"logos": {
			"small": "img/logo.svg",
			"large": "img/logo.svg"
		},
		"links": [
			{
				"name": "Website",
				"url": "https://www.openadvice.de/"
			}
		],
		"screenshots": [],
		"version": "1.0.0",
		"updated": "2021-12-09"
	},
	"dependencies": {
		"grafanaDependency": ">=7.0.0",
		"plugins": []
	}
}
